first_name,last_name,email,lati,longi
Emmey,Somerled,esomerled0@narod.ru,38.491235,111.033425
Rollin,Dalbey,rdalbey1@un.org,37.073667,80.188986
Carmelina,Antoniat,cantoniat2@live.com,14.7075271,121.0259556
Carolyne,Scholler,cscholler3@weibo.com,35.0995959,-89.862563
Tamas,Larmuth,tlarmuth4@phoca.cz,5.98111,121.21472
Hedy,Behnecke,hbehnecke5@cnet.com,22.7100789,113.8547735
Arleyne,McCandless,amccandless6@miibeian.gov.cn,40.3206366,-8.708013
Garwood,Lawie,glawie7@purevolume.com,45.7307005,15.9513163
Barby,Novotne,bnovotne8@hao123.com,31.431407,118.467943
Malinde,Dulwitch,mdulwitch9@cdc.gov,48.890054,2.2372792
Marta,Pothbury,mpothburya@buzzfeed.com,38.409359,-82.3614632
Yehudit,Cody,ycodyb@independent.co.uk,-7.5613556,-40.1862129
Carina,Kilby,ckilbyc@meetup.com,46.1055153,-64.8115713
Cathlene,Stannett,cstannettd@rediff.com,-12.899232,-75.8312432
Orran,Barnaby,obarnabye@webnode.com,51.22999,-101.3565
Emlyn,Anger,eangerf@census.gov,22.560473,113.111612
Gun,Byrne,gbyrneg@i2i.jp,31.7216,35.19243
Christye,Ashling,cashlingh@reference.com,8.748114,124.802831
Cullan,Linde,clindei@reuters.com,49.2215531,16.2941515
Guenna,Strass,gstrassj@infoseek.co.jp,-33.5020548,-58.7986641
Leona,Vasyutin,lvasyutink@godaddy.com,35.588399,99.982552
Barbabra,Iacomo,biacomol@weather.com,58.5812006,16.1481061
Feodor,Tottem,ftottemm@privacy.gov.au,10.1866432,119.232122
Flss,Greave,fgreaven@miitbeian.gov.cn,51.9347573,39.3221711
Vaughn,Ixer,vixero@bloomberg.com,-23.3196141,17.0893798
Bernadette,Bodesson,bbodessonp@diigo.com,37.5236561,-8.7860267
Ettore,Byne,ebyneq@github.com,-8.6866263,-36.2847751
Chrisse,Torns,ctornsr@mapquest.com,26.091588,119.303552
Niki,Battson,nbattsons@hubpages.com,19.9849089,104.631897
Alyson,Lamp,alampt@networkadvertising.org,-7.3977218,112.7226611
Sharla,Paul,spaulu@jalbum.net,-12.0560257,-77.0844226
Elyssa,Kenwrick,ekenwrickv@networkadvertising.org,13.9740494,-86.5425921
Tobe,Brewins,tbrewinsw@liveinternet.ru,-0.5107264,-78.5717631
Abbi,Clayson,aclaysonx@apache.org,9.9748039,-84.0322316
Kermit,Carlisle,kcarlisley@cloudflare.com,41.805699,123.431472
Evin,Wandrich,ewandrichz@nytimes.com,50.1535057,19.8118896
Hillard,Nuccitelli,hnuccitelli10@github.com,29.470982,110.441976
Olympia,Brisard,obrisard11@feedburner.com,-11.5741352,-77.2663771
Nannie,Hallows,nhallows12@eepurl.com,66.407021,112.2977807
Noellyn,Kubica,nkubica13@virginia.edu,43.6297603,0.5815411
Caty,Chatainier,cchatainier14@omniture.com,34.6830797,137.9865313
Desdemona,Reynard,dreynard15@tripadvisor.com,5.9,6.833333
Rad,Kennaird,rkennaird16@joomla.org,-8.328435,124.402271
Phillis,Jallin,pjallin17@paginegialle.it,35.7297805,140.2669505
Guntar,Diment,gdiment18@dyndns.org,49.9470702,15.6649285
Ulric,Pirolini,upirolini19@acquirethisname.com,-8.7876456,121.6029824
Kristal,Keynes,kkeynes1a@360.cn,23.106401,113.459749
Gardner,Helliar,ghelliar1b@pen.io,-21.8898802,-47.6455169
Heywood,Schorah,hschorah1c@skyrock.com,-0.1423977,100.4902451
Melloney,Rown,mrown1d@sohu.com,17.3378289,121.759491
Kelly,Maltman,kmaltman1e@wsj.com,33.189192,120.103473
Mora,Piesing,mpiesing1f@ucoz.com,5.4942923,-72.0942187
Martha,Radage,mradage1g@github.io,44.0570174,4.0057868
Daryn,Yarnall,dyarnall1h@youku.com,53.7902634,-6.2429997
Eadie,Castangia,ecastangia1i@theguardian.com,23.2393346,90.1869644
Lacie,Hehnke,lhehnke1j@princeton.edu,49.6369249,17.651743
Crysta,Wallbank,cwallbank1k@mayoclinic.com,45.0030925,43.7825227
Caren,Sheirlaw,csheirlaw1l@wp.com,43.446712,45.7756846
Sloane,Corneck,scorneck1m@shop-pro.jp,-19.4959312,-41.0713439
Jordon,Benedicto,jbenedicto1n@home.pl,50.6211008,24.4598077
Emory,Pauls,epauls1o@utexas.edu,12.4492291,98.6270628
Kellia,Faraker,kfaraker1p@quantcast.com,30.5211502,112.8915932
Giacopo,Dring,gdring1q@google.ru,38.042805,114.514893
Kelli,Lissandre,klissandre1r@slideshare.net,40.7,-111.94
Lorne,Sissel,lsissel1s@nature.com,47.6999935,131.1243299
Pablo,McKernan,pmckernan1t@altervista.org,37.4325375,112.0662843
Friedrich,Lambert-Ciorwyn,flambertciorwyn1u@ox.ac.uk,38.9936299,-9.3338323
Maris,Edinburough,medinburough1v@tinypic.com,56.0485726,12.6933337
Iolande,McDavid,imcdavid1w@zdnet.com,51.2291266,46.9776352
Mauricio,McKue,mmckue1x@uiuc.edu,41.4578988,-8.5462667
Reggis,Dobby,rdobby1y@nsw.gov.au,-2.8670033,30.5322273
Sheila-kathryn,Cornill,scornill1z@ed.gov,29.099294,119.692696
Johanna,Maciaszek,jmaciaszek20@nature.com,38.7470186,-90.2526163
Bent,Feben,bfeben21@yandex.ru,7.1220009,124.5600318
Raffaello,Della,rdella22@virginia.edu,-9.5517,124.3173
Klara,McCart,kmccart23@cocolog-nifty.com,5.472709,-74.667984
Pen,Traise,ptraise24@networkadvertising.org,-22.5383309,-44.0103922
Ruby,Longmate,rlongmate25@nationalgeographic.com,53.3983079,20.9461113
Meg,Magne,mmagne26@ocn.ne.jp,36.145932,113.01869
Yolane,Walklett,ywalklett27@quantcast.com,62.5854497,29.767082
Dillon,Wattingham,dwattingham28@google.ca,35.6958419,139.5530816
Ludovico,Bridgestock,lbridgestock29@ihg.com,51.6711341,20.1795118
Gretchen,Catley,gcatley2a@google.ru,43.4259712,77.0216405
Ilaire,Jahndel,ijahndel2b@delicious.com,48.892701,2.233089
Carissa,Cardoo,ccardoo2c@devhub.com,53.9608024,105.8754575
Ebba,Haskew,ehaskew2d@creativecommons.org,60.0203894,41.0711197
Ezekiel,Nineham,enineham2e@wsj.com,41.576749,120.413376
Tully,Bradford,tbradford2f@miibeian.gov.cn,23.127149,109.452662
Johna,Pawelek,jpawelek2g@123-reg.co.uk,18.4748726,-69.9002083
Derby,Reubbens,dreubbens2h@miibeian.gov.cn,5.0281872,118.3157161
Morgun,Windrus,mwindrus2i@pinterest.com,43.4945737,5.8978018
Nike,Fitchet,nfitchet2j@typepad.com,-3.6483486,119.5571677
Adora,Temlett,atemlett2k@list-manage.com,49.0862712,17.3385278
Catlaina,Janczyk,cjanczyk2l@infoseek.co.jp,-31.3317595,-54.1038619
Cassy,Cardenoza,ccardenoza2m@4shared.com,22.9664576,97.7525352
Gualterio,Cleyburn,gcleyburn2n@ifeng.com,-26.3374785,-60.4304186
Kaine,Roskam,kroskam2o@amazon.com,10.6993883,122.5024428
Anjanette,Mulholland,amulholland2p@ovh.net,-36.7421593,-72.3017718
Jerri,Noorwood,jnoorwood2q@globo.com,-16.4443537,-39.0653656
Britney,MacDonell,bmacdonell2r@squarespace.com,17.4458367,121.5250628
Lorianna,Weitzel,lweitzel2s@amazon.co.jp,42.9038743,-78.9344814
Lee,Pyrke,lpyrke2t@unc.edu,32.990664,112.528308
Grace,Millea,gmillea2u@hao123.com,40.7525629,-73.976024
Blinny,Meller,bmeller2v@sourceforge.net,14.8751623,-86.1828047
Hodge,Dilloway,hdilloway2w@ucsd.edu,-7.7799,114.0783
Benny,Folonin,bfolonin2x@apache.org,32.2342478,-111.0033984
Georgi,Wesgate,gwesgate2y@altervista.org,47.2186081,34.6661709
Yoshi,Clarkin,yclarkin2z@cisco.com,44.054356,42.528294
Coralie,Goodsell,cgoodsell30@is.gd,46.7457125,5.9081968
Jenny,Akester,jakester31@ihg.com,22.62097,100.721884
Pammy,Jiggens,pjiggens32@senate.gov,55.1952113,32.4000893
Merralee,Beche,mbeche33@icio.us,-6.588201,106.804564
Vanna,Print,vprint34@indiegogo.com,15.051008,120.896625
Peadar,Skyram,pskyram35@nationalgeographic.com,29.9601879,-95.5587992
Norby,Skeemer,nskeemer36@sohu.com,49.6488646,1.7314818
Ravi,Allward,rallward37@ocn.ne.jp,29.584292,111.380014
Sybille,Malshinger,smalshinger38@topsy.com,-7.3276166,112.7137227
Bertie,Coulbeck,bcoulbeck39@smh.com.au,62.34824,129.96471
Orlando,Gatchell,ogatchell3a@nydailynews.com,-20.5558832,-48.5762695
Alfy,Cleugher,acleugher3b@prlog.org,55.8182515,37.3477667
Bea,Waslin,bwaslin3c@mozilla.com,45.6110839,19.5361203
Andre,Gutowski,agutowski3d@uol.com.br,-7.0392183,109.9020509
Ced,Makey,cmakey3e@list-manage.com,32.032726,35.288375
Kristy,Franzonetti,kfranzonetti3f@cbc.ca,60.9116468,34.1661641
Odetta,Casine,ocasine3g@prnewswire.com,-32.8259485,-68.8413237
Karel,Jura,kjura3h@nbcnews.com,-4.1615016,-40.7511885
Currey,Dureden,cdureden3i@tmall.com,44.691336,129.696957
Ronnica,Niese,rniese3j@boston.com,26.695419,101.841707
Katharina,Asbery,kasbery3k@indiegogo.com,-8.4774,115.597
Imelda,Rigardeau,irigardeau3l@slate.com,44.8369535,-0.5820236
Jamaal,Thomassin,jthomassin3m@barnesandnoble.com,38.5908192,-9.017701
Corinna,Gammon,cgammon3n@nyu.edu,55.2160303,56.1396282
Aimil,Acott,aacott3o@theguardian.com,-19.4746347,-42.5264409
Dyanna,Huxster,dhuxster3p@phpbb.com,49.4285053,25.9712877
Ellerey,Biasio,ebiasio3q@ucoz.ru,14.593975,121.0038631
Sinclair,Becke,sbecke3r@simplemachines.org,59.1477457,10.1916192
Chico,Pontefract,cpontefract3s@reddit.com,41.4581245,-8.6099118
Rogers,Schroeder,rschroeder3t@tamu.edu,37.365238,120.44763
Sabine,Karpov,skarpov3u@weebly.com,34.704077,108.706358
Myrvyn,Loiterton,mloiterton3v@usatoday.com,23.1635991,-82.2854848
Bar,Marrion,bmarrion3w@shop-pro.jp,63.9825,-22.379
Josephina,Novill,jnovill3x@netlog.com,-18.1111446,-49.0009403
Dael,Doog,ddoog3y@trellian.com,14.5636491,121.029454
Worth,Blease,wblease3z@google.it,34.954134,108.320121
Galven,Labbez,glabbez40@liveinternet.ru,-10.2024984,123.5988052
Deane,Cossom,dcossom41@hao123.com,-4.4419311,15.2662931
Morganica,Maidens,mmaidens42@ca.gov,23.810332,90.4125181
Aylmar,Birkin,abirkin43@hud.gov,26.0765362,119.2807519
Bendick,Belfitt,bbelfitt44@gnu.org,-31.6434099,29.5358464
Pat,Sommers,psommers45@w3.org,-8.412375,117.144997
Guntar,Catchpole,gcatchpole46@twitpic.com,43.4676913,19.8125507
Romy,Gretton,rgretton47@com.com,28.353912,112.833836
Lucille,O'Kelly,lokelly48@zdnet.com,38.6276904,22.7650721
Alissa,Prate,aprate49@gizmodo.com,48.7803815,2.4549884
Upton,Lafont,ulafont4a@harvard.edu,41.6569962,-8.4356533
Marchelle,Whereat,mwhereat4b@squarespace.com,39.5251914,-119.8185447
Karie,Skerme,kskerme4c@lycos.com,45.4352011,20.4744696
Thoma,Offield,toffield4d@jigsy.com,59.3178128,18.0285502
Kimberley,Busch,kbusch4e@infoseek.co.jp,63.4400274,10.4024274
Frankie,Pridie,fpridie4f@netlog.com,-13.1435017,28.4163103
Judye,Males,jmales4g@4shared.com,-22.7575561,-42.1343805
Dirk,Tocher,dtocher4h@comcast.net,36.097577,114.392392
Karney,Gilsthorpe,kgilsthorpe4i@studiopress.com,-8.3765619,115.1918802
Luci,Ariss,lariss4j@dailymotion.com,18.5056182,-69.8487452
Nanci,Alleway,nalleway4k@fc2.com,14.8881276,101.7187284
Fredia,Fryatt,ffryatt4l@e-recht24.de,45.9536011,14.8386368
Dudley,Ipsley,dipsley4m@gizmodo.com,50.398362,1.5608271
Sandye,Etteridge,setteridge4n@aboutads.info,24.3520171,116.6930225
Hayley,Simpole,hsimpole4o@theatlantic.com,-13.8875282,-171.5877457
Abey,Simco,asimco4p@storify.com,51.4780256,7.0328812
Ebony,Hendriksen,ehendriksen4q@mozilla.org,-6.8958608,111.0579632
Fredericka,Tyrone,ftyrone4r@cnbc.com,22.974898,113.993115
Bernie,Jacobsz,bjacobsz4s@tripod.com,40.608793,115.099494
Nickola,Shepeard,nshepeard4t@live.com,13.4253347,123.2648166
Margarita,Gittings,mgittings4u@webeden.co.uk,56.1597869,37.9891132
Cordey,Hasslocher,chasslocher4v@newyorker.com,-28.4681949,-62.8239098
Evyn,Foxley,efoxley4w@businessweek.com,37.6710023,139.8647618
Hinda,Lidgertwood,hlidgertwood4x@storify.com,50.6558337,15.4518432
Annice,Johanning,ajohanning4y@unc.edu,-26.1332779,28.2926361
Clotilda,Arnault,carnault4z@chronoengine.com,40.3802589,50.0918078
Brittani,Petrushanko,bpetrushanko50@yelp.com,-26.7376205,-49.1743626
Jackie,Stodhart,jstodhart51@topsy.com,8.0155697,-71.7637309
Linell,Natte,lnatte52@ameblo.jp,-8.0321,112.7975
Jan,Braemer,jbraemer53@admin.ch,39.43806,127.24306
Gaspard,Marsham,gmarsham54@flickr.com,46.160492,15.8724103
Evey,Yateman,eyateman55@mashable.com,43.4795902,44.1393572
Ellissa,Crebo,ecrebo56@state.gov,35.3292328,24.3359662
Debora,Herculson,dherculson57@imgur.com,22.814304,115.955191
Harlene,Tredinnick,htredinnick58@hugedomains.com,40.4489303,-8.6745086
Tod,Cutbirth,tcutbirth59@nyu.edu,32.38632,35.48084
Sandro,Brookes,sbrookes5a@amazon.co.uk,35.1529042,33.2110414
Claudelle,Ashborn,cashborn5b@woothemes.com,45.7479837,21.2472912
Darcie,Dunkerley,ddunkerley5c@apple.com,19.789147,110.808679
Letty,Pagett,lpagett5d@scribd.com,31.009235,121.417985
Pernell,Maccrea,pmaccrea5e@dmoz.org,-1.959951,32.929501
Misha,Trevena,mtrevena5f@reference.com,-6.308009,155.477221
Agosto,Gullberg,agullberg5g@google.fr,-3.6062721,128.2480302
Gaby,Dockery,gdockery5h@jimdo.com,31.642718,105.170845
Charles,Gohier,cgohier5i@github.com,47.785421,-3.2602564
Cecelia,Danovich,cdanovich5j@1und1.de,-21.2028539,-50.4536793
Catha,Tomkowicz,ctomkowicz5k@businessinsider.com,2.9667878,32.0837445
Howey,Offord,hofford5l@tinypic.com,15.7832452,121.0086436
Paolina,Torrisi,ptorrisi5m@unc.edu,-6.939897,106.9506175
Jehanna,Pickwell,jpickwell5n@ucsd.edu,40.6661376,22.9037753
Chantalle,Ashness,cashness5o@army.mil,27.9937685,120.6784858
Jacky,Tuff,jtuff5p@reference.com,27.7537155,68.4470397
Tait,Birtwhistle,tbirtwhistle5q@tamu.edu,38.1008157,115.1743446
Goldarina,Pealing,gpealing5r@so-net.ne.jp,-0.2467982,109.6163185
Charmain,Mouncher,cmouncher5s@msn.com,8.99214,105.19602
Romonda,Kenion,rkenion5t@deliciousdays.com,65.5921449,22.168271
Sim,Carreck,scarreck5u@unesco.org,41.0285407,-81.4633516
Joyan,Alleway,jalleway5v@printfriendly.com,30.677233,121.015142
Marylou,Finding,mfinding5w@surveymonkey.com,-31.302987,-64.28379
Ryon,Corre,rcorre5x@constantcontact.com,-9.6883,124.2784
Reynold,Quillinane,rquillinane5y@jugem.jp,31.598422,35.026375
Margette,Mosdill,mmosdill5z@indiegogo.com,-10.22485,120.548897
Lian,Trahear,ltrahear60@engadget.com,49.7575973,16.6635314
Vittoria,Baude,vbaude61@noaa.gov,-6.9579774,-76.4172594
Lannie,Stockbridge,lstockbridge62@i2i.jp,35.5205328,135.7708561
Erik,Benfield,ebenfield63@arstechnica.com,8.5085685,124.588657
Elisabeth,Medling,emedling64@sitemeter.com,43.6237019,45.3376515
Gearard,Goddman,ggoddman65@sphinn.com,41.2499754,-7.9522855
Nari,Savins,nsavins66@pagesperso-orange.fr,-3.366667,33.95
Gunilla,Antunez,gantunez67@cnn.com,27.815743,114.416785
Christalle,Start,cstart68@amazon.de,40.8285039,-73.8918897
Tani,Mariotte,tmariotte69@chronoengine.com,5.768717,-72.831906
Wilone,Steckings,wsteckings6a@sakura.ne.jp,-6.7663,105.9234
Sigismundo,Lahrs,slahrs6b@epa.gov,4.791028,-73.663027
Helene,Crowdson,hcrowdson6c@ning.com,-6.167924,106.8500431
Moselle,Cufflin,mcufflin6d@princeton.edu,45.0804254,14.0845863
Janek,Reek,jreek6e@google.fr,27.4404047,-82.5828377
Kass,Sparrowe,ksparrowe6f@edublogs.org,54.3834709,60.8003422
Euphemia,Glascott,eglascott6g@posterous.com,50.756497,21.8951181
Adoree,Melding,amelding6h@meetup.com,43.6368159,-79.7119419
Chalmers,Mebes,cmebes6i@mozilla.org,43.2496743,45.9860099
Mitzi,Thoresbie,mthoresbie6j@liveinternet.ru,-3.0029841,115.9467997
Tabitha,Scandred,tscandred6k@mail.ru,5.9840985,116.0761121
Amandie,Doidge,adoidge6l@icio.us,30.335237,112.239631
Grete,Snoad,gsnoad6m@reuters.com,24.884626,104.308675
Trent,Hehnke,thehnke6n@kickstarter.com,58.4005878,13.7982616
Moore,Burchett,mburchett6o@ca.gov,14.9156704,120.5705167
Robbyn,Shone,rshone6p@t-online.de,47.4047584,29.1057554
Alphonso,Matzl,amatzl6q@ucoz.ru,52.0008866,20.6716007
Aurelie,Evensden,aevensden6r@ebay.co.uk,43.2456198,26.9297347
Laetitia,Doubrava,ldoubrava6s@altervista.org,55.6677388,12.5352641
Aksel,Yedy,ayedy6t@sun.com,31.18248,35.69999
Umeko,Cheer,ucheer6u@ifeng.com,59.3216049,14.5216278
Millard,Greatreax,mgreatreax6v@lulu.com,41.0463282,-6.8672668
Gayleen,Charlick,gcharlick6w@desdev.cn,49.6782112,13.2227563
Jyoti,Lafayette,jlafayette6x@myspace.com,43.5418913,7.0362389
Arlena,Doelle,adoelle6y@gizmodo.com,17.8064459,102.5527505
Elsy,Starten,estarten6z@free.fr,51.6711341,20.1795118
Nana,Phayre,nphayre70@diigo.com,45.8903748,-77.2672051
Anett,Antonetti,aantonetti71@ucoz.com,52.969667,122.539307
Erminie,Fossey,efossey72@sakura.ne.jp,-17.7178133,-49.1221414
Lynelle,Abramamov,labramamov73@illinois.edu,31.938731,113.165197
Consolata,Marzele,cmarzele74@ed.gov,41.4273946,75.9840587
Erminie,Puckring,epuckring75@trellian.com,48.0201627,38.6545257
Doralynne,Niave,dniave76@hhs.gov,46.9483051,1.9894311
Adham,Hadgkiss,ahadgkiss77@shareasale.com,39.907771,116.447949
Remus,Iceton,riceton78@nhs.uk,50.8853797,21.8569158
Lemuel,Guerrier,lguerrier79@nbcnews.com,52.2309398,21.6932492
Darrick,Seeley,dseeley7a@wsj.com,31.9311556,120.3086809
Karlis,Nutley,knutley7b@bbb.org,15.187831,120.057435
Donny,Buzza,dbuzza7c@artisteer.com,41.4176872,-8.7653155
Charlotte,Liversedge,cliversedge7d@merriam-webster.com,2.8235098,-60.6758331
Paulie,Llewelyn,pllewelyn7e@java.com,56.9154663,53.3224108
Aylmar,O' Faherty,aofaherty7f@cocolog-nifty.com,39.330439,117.575301
Lodovico,Treadwell,ltreadwell7g@fotki.com,57.7123057,14.3117654
Benson,Ovell,bovell7h@google.ru,56.0181995,29.9291962
Normand,Auguste,nauguste7i@phpbb.com,55.7393377,37.6642542
Nesta,Rudinger,nrudinger7j@spotify.com,-7.0215218,112.4798088
Jeanine,Gawthrope,jgawthrope7k@abc.net.au,55.874736,26.536179
Maude,Swatradge,mswatradge7l@hibu.com,49.8391504,19.1930625
Aurilia,Millsom,amillsom7m@sohu.com,24.922044,118.223965
Zebulen,Baulch,zbaulch7n@mayoclinic.com,7.7100015,122.8673679
Charlotta,Welband,cwelband7o@wordpress.org,46.711547,38.2755861
Hodge,Dowe,hdowe7p@xing.com,48.4978938,30.9365392
Aleece,Sercombe,asercombe7q@etsy.com,39.4048977,-9.135404
Fergus,Adolthine,fadolthine7r@vistaprint.com,30.798775,121.33638
Felicle,Worviell,fworviell7s@nifty.com,-38.977251,-67.826868
Lynna,Dawidowicz,ldawidowicz7t@prnewswire.com,10.469636,-66.8286476
Silvana,Soares,ssoares7u@facebook.com,-25.7394696,28.3508883
Marlena,Addyman,maddyman7v@hibu.com,39.302809,99.275837
Leonhard,Aries,laries7w@ihg.com,48.7320309,16.905384
George,Clinch,gclinch7x@a8.net,13.7191394,100.2207634
Becki,Buddell,bbuddell7y@pen.io,-6.9078713,-36.9111057
Clo,Lanahan,clanahan7z@dyndns.org,50.0815792,14.2585703
Lonnie,Ferrieroi,lferrieroi80@forbes.com,15.9769657,120.4674034
Lianne,Poulsen,lpoulsen81@reverbnation.com,-23.572516,-46.668437
Drusi,McQuilty,dmcquilty82@people.com.cn,19.6925744,-72.017927
Goldia,Sigg,gsigg83@yelp.com,59.8079805,17.6754261
Angelique,Stannah,astannah84@pagesperso-orange.fr,-3.9020493,135.7900209
Burty,Juanico,bjuanico85@blogs.com,23.254488,116.370159
Stephan,Montague,smontague86@cdc.gov,-6.7836529,111.1384418
Florella,Holworth,fholworth87@smugmug.com,14.5495607,-90.7858316
Geno,Greenough,ggreenough88@instagram.com,59.843765,10.7798142
Niccolo,Chantree,nchantree89@seattletimes.com,1.8480062,114.8923533
Reinwald,Elgie,relgie8a@huffingtonpost.com,-6.7497763,111.6712894
Julianna,Gravells,jgravells8b@devhub.com,5.9840985,116.0761121
Elora,Caunter,ecaunter8c@artisteer.com,7.6488023,-73.2116953
Orville,Rosenbush,orosenbush8d@twitter.com,23.028956,113.143441
Franzen,Dongall,fdongall8e@tiny.cc,57.061272,25.817596
Eba,Skirlin,eskirlin8f@barnesandnoble.com,42.009313,20.9713986
Isidora,Minico,iminico8g@kickstarter.com,-7.4869186,108.4691492
Curtice,Loudian,cloudian8h@over-blog.com,-6.3965,105.9693
Salmon,Tofful,stofful8i@altervista.org,-3.1941468,114.5361435
Donny,Capponer,dcapponer8j@engadget.com,59.1575081,18.1350248
Michell,Oxteby,moxteby8k@gmpg.org,35.7285765,139.5388561
Alaric,Petranek,apetranek8l@de.vu,-6.2855885,106.701673
Dot,Marzelle,dmarzelle8m@skype.com,24.487326,109.733126
Karlis,Lassell,klassell8n@youtube.com,40.7468254,19.494331
Leeann,Whitton,lwhitton8o@bloglines.com,6.7496639,11.8036596
Nichole,Lind,nlind8p@squarespace.com,44.9248682,38.0110797
Gar,Sydry,gsydry8q@ustream.tv,22.830644,112.94593
Johannah,Connow,jconnow8r@de.vu,38.4894305,47.0683575
Kippie,Hains,khains8s@wp.com,22.7325323,-12.4753205
Karla,Whear,kwhear8t@marketwatch.com,43.3362822,3.2188961
Cyrille,Klass,cklass8u@hud.gov,40.659329,44.0188716
Nevin,Keepence,nkeepence8v@gnu.org,15.016667,-85.75
Wilow,Rosensaft,wrosensaft8w@freewebs.com,14.335889,-89.713497
Marge,Ismail,mismail8x@amazon.com,14.136844,-90.008975
Vevay,Hiscocks,vhiscocks8y@gnu.org,39.017921,115.768472
Donal,Fortun,dfortun8z@bluehost.com,25.2898918,32.5522304
Stormy,Rapp,srapp90@washingtonpost.com,49.3509463,16.134156
Stevy,Itter,sitter91@slideshare.net,-17.1406793,-71.8230371
Garrard,Tingey,gtingey92@gmpg.org,-6.990714,107.400299
Shirlee,MacNeachtain,smacneachtain93@google.fr,28.947037,109.47991
Janene,Bacon,jbacon94@rediff.com,48.0515029,6.535628
Claudell,Gowthrop,cgowthrop95@foxnews.com,-6.8055934,110.7629067
Paddie,Dunning,pdunning96@vistaprint.com,-8.0972,111.8163
Hans,Botfield,hbotfield97@storify.com,27.5566857,107.0336505
Anallese,Phripp,aphripp98@jugem.jp,7.8870586,98.3854869
Alva,Spollen,aspollen99@4shared.com,47.49116,3.91302
Hanan,Casemore,hcasemore9a@twitter.com,-12.1695811,44.40047
Maureene,Leger,mleger9b@epa.gov,53.9818262,22.0325128
Melinda,Bonsey,mbonsey9c@rediff.com,49.2686175,-122.9364381
Doe,Kampshell,dkampshell9d@apple.com,25.282208,111.410194
Valery,Raatz,vraatz9e@businessweek.com,11.5762804,103.3587288
Haskell,Skamell,hskamell9f@jimdo.com,-3.2575968,-41.0394028
Dur,Heathorn,dheathorn9g@tripadvisor.com,14.5665378,121.1092186
Anjela,Rosell,arosell9h@etsy.com,28.852157,115.662676
Gerti,Snaden,gsnaden9i@hud.gov,4.860823,-74.912667
Kriste,Manville,kmanville9j@adobe.com,-5.3810959,105.2955575
Kyla,Blackesland,kblackesland9k@sakura.ne.jp,30.711012,116.242861
Reube,Flaune,rflaune9l@ca.gov,-7.3175297,-63.9586111
Ronny,Le Ball,rleball9m@nsw.gov.au,-9.4852898,119.1736353
Donalt,Penchen,dpenchen9n@java.com,50.8441986,3.9438609
Adrienne,Trimbey,atrimbey9o@timesonline.co.uk,20.4343787,106.2757514
Zebulon,Le Provost,zleprovost9p@google.com.hk,49.03737,140.26989
Roth,Dearlove,rdearlove9q@nasa.gov,15.884783,120.341507
Rachelle,Perren,rperren9r@chronoengine.com,14.5703297,121.1473998
Thorvald,Gong,tgong9s@goodreads.com,14.6199611,100.7323332
Jessamyn,Johnikin,jjohnikin9t@columbia.edu,31.644875,90.21512
Carter,Pearde,cpearde9u@cornell.edu,-21.503481,45.20956
Ferguson,Armatys,farmatys9v@tamu.edu,-12.3992902,-74.8659421
Natka,Kimpton,nkimpton9w@google.com.br,42.1165506,-88.0549221
Jojo,Garrigan,jgarrigan9x@w3.org,60.8004898,25.772962
Kristopher,McNickle,kmcnickle9y@comcast.net,15.2401348,120.857473
Averil,Lowne,alowne9z@paginegialle.it,0.3179939,109.4259114
Bret,Scolts,bscoltsa0@bloomberg.com,15.7268196,101.207047
Madel,Mingard,mmingarda1@cnbc.com,22.354385,110.947043
Sheba,Tubritt,stubritta2@1und1.de,22.492431,111.075519
Phillie,O'Cahsedy,pocahsedya3@vimeo.com,-7.6044275,109.5766953
Elenore,Denisard,edenisarda4@foxnews.com,38.5908192,-9.017701
Stormi,Margett,smargetta5@google.fr,8.1406054,-72.0705185
Kip,Yakebovich,kyakebovicha6@arizona.edu,14.4083543,121.0396806
Laney,Livesey,lliveseya7@bloomberg.com,-0.8808728,100.5858786
Dalia,de Zamora,ddezamoraa8@yolasite.com,-22.3281412,27.8252814
Salmon,Grigor,sgrigora9@lulu.com,52.7989429,16.7343548
Christabel,Kauschke,ckauschkeaa@youtu.be,-13.1340453,38.9981052
Emmaline,Humpherson,ehumphersonab@sciencedirect.com,50.0644155,14.4200237
Janela,Rentoll,jrentollac@disqus.com,37.715193,112.47794
Elna,Happer,ehapperad@4shared.com,7.935298,-68.917999
Clair,Meiningen,cmeiningenae@nyu.edu,31.44803,73.71257
Iorgo,Petkov,ipetkovaf@patch.com,38.9388075,100.4436203
Iorgo,Rathe,iratheag@adobe.com,-7.5613556,-40.1862129
Hall,Duncanson,hduncansonah@home.pl,35.3209172,136.8367649
Hilarius,Mawhinney,hmawhinneyai@wordpress.org,31.069419,35.033363
Corny,Huc,chucaj@oracle.com,-4.5204349,-69.9550338
Josefina,Matusov,jmatusovak@washingtonpost.com,54.2490828,18.8664712
Hillier,Cuffin,hcuffinal@hp.com,39.906972,-8.2750089
Armin,Hurd,ahurdam@desdev.cn,28.955847,114.532957
Kevyn,O'Crevy,kocrevyan@imdb.com,0.7821696,120.5307881
Sigismundo,Hubbocks,shubbocksao@w3.org,31.975314,35.196042
Josh,Vurley,jvurleyap@aboutads.info,11.9647609,121.9252429
Helen-elizabeth,Titta,htittaaq@phoca.cz,34.0625448,-118.3089341
Omero,Rosen,orosenar@java.com,37.444498,114.498761
Nikki,Castana,ncastanaas@webs.com,23.084827,113.290609
Judah,Headford,jheadfordat@rakuten.co.jp,14,-88.35
Murial,Havenhand,mhavenhandau@1und1.de,-22.9763629,-47.0060226
Crawford,De Domenicis,cdedomenicisav@phoca.cz,9.1224847,-79.2930312
Jacquelynn,Desmond,jdesmondaw@discovery.com,31.827364,119.9690478
Skippy,Inglesent,singlesentax@miibeian.gov.cn,38.6024828,-121.4470463
Loydie,Fenton,lfentonay@slideshare.net,61.1012691,44.8327881
Addia,Rawne,arawneaz@ocn.ne.jp,-7.0555388,107.5767035
Selena,Slator,sslatorb0@wisc.edu,12.0718334,1.7879685
Gaby,Gaber,ggaberb1@noaa.gov,37.520481,115.251124
Cinnamon,Bernardet,cbernardetb2@sakura.ne.jp,24.487326,109.733126
Kirsti,MacVicar,kmacvicarb3@simplemachines.org,50.7392866,20.1476897
Simone,Faithorn,sfaithornb4@amazon.co.jp,58.5785836,16.1948921
Shelbi,Kubyszek,skubyszekb5@free.fr,36.1030036,-86.8722146
Jourdain,Lovel,jlovelb6@go.com,41.1693186,-8.5341147
Liliane,Giacomuzzo,lgiacomuzzob7@ezinearticles.com,52.426804,22.8637518
Lyman,Benwell,lbenwellb8@privacy.gov.au,43.6276714,-79.6306718
Nickey,Grishukhin,ngrishukhinb9@ustream.tv,-19.009336,-57.5977799
Hatti,Belhome,hbelhomeba@dailymail.co.uk,-6.91748,107.657107
Shell,Filipic,sfilipicbb@tumblr.com,-7.633333,108.133333
Conant,Greenrod,cgreenrodbc@clickbank.net,54.7124613,44.8379034
Crystal,Gillmore,cgillmorebd@google.com.hk,45.0169373,39.1009227
Helyn,Capozzi,hcapozzibe@mac.com,-6.9775856,110.5424021
Cornelius,Heberden,cheberdenbf@surveymonkey.com,55.2273044,27.4650969
Glynda,Fick,gfickbg@china.com.cn,-20.2197867,-40.2721884
Ebeneser,Moakes,emoakesbh@vistaprint.com,41.3641068,2.133823
Dorothy,Sketch,dsketchbi@google.com.hk,41.6496858,-7.5999153
Cyrill,Malafe,cmalafebj@amazonaws.com,3.1523104,101.7178316
Daria,Todhunter,dtodhunterbk@google.ca,31.6532755,69.4038491
Colan,Vahey,cvaheybl@umn.edu,55.676792,12.5550935
Fax,Wedmore,fwedmorebm@yahoo.co.jp,49.333258,6.15176
Maighdiln,Haack,mhaackbn@1und1.de,-20.7784132,-41.6847632
Allison,Gatesman,agatesmanbo@twitter.com,56.0663761,47.4456489
Laurel,De Malchar,ldemalcharbp@biglobe.ne.jp,-0.754923,132.311005
Iona,Juggins,ijugginsbq@wordpress.com,39.2393667,-8.9485146
Tessa,Leehane,tleehanebr@diigo.com,-42.7556675,-65.0598718
Matthus,Deyes,mdeyesbs@over-blog.com,39.163627,117.672041
Bernadina,Bursnall,bbursnallbt@bloglovin.com,51.883,4.3577
Afton,Doull,adoullbu@blog.com,31.072149,119.549715
Carling,Weekes,cweekesbv@wufoo.com,1.5376351,110.321945
Tomaso,Hagston,thagstonbw@craigslist.org,42.7665598,-81.1747498
Courtney,Minichi,cminichibx@cornell.edu,53.5484541,18.9455238
Gawain,Beaven,gbeavenby@zdnet.com,16.2639807,-0.0279867
Riannon,Dumbleton,rdumbletonbz@ameblo.jp,43.7764262,16.9261199
Gleda,Pantlin,gpantlinc0@nyu.edu,7.834501,124.106681
Ivy,Fieldstone,ifieldstonec1@devhub.com,50.5540427,2.4609362
Leonora,Tremoulet,ltremouletc2@creativecommons.org,36.854929,114.503339
Aldin,Gathwaite,agathwaitec3@hugedomains.com,13.8263447,-89.270477
Roch,Claworth,rclaworthc4@omniture.com,34.272117,108.084731
Melodie,Seeviour,mseeviourc5@wikia.com,-7.6633857,112.2771485
Carine,Iggulden,cigguldenc6@alexa.com,36.4550658,10.7154228
Dody,Croson,dcrosonc7@shinystat.com,39.5016783,-9.1028729
Bennie,Sever,bseverc8@youtube.com,28.6751124,57.7371569
Guenna,Rowles,growlesc9@goo.gl,14.7684437,-90.9795277
Abel,Kayzer,akayzerca@spotify.com,31.4175388,31.8144434
Doe,Damrel,ddamrelcb@intel.com,35.7055251,140.5585737
Nannette,Hallum,nhallumcc@nymag.com,2.941214,-73.207468
Ame,Tingey,atingeycd@usa.gov,26.560231,100.176498
Caddric,Maccrie,cmaccriece@dmoz.org,-6.4,39.55
Cleavland,Igo,cigocf@sohu.com,56.031038,47.2957582
Daryl,Hentze,dhentzecg@photobucket.com,17.9567646,-102.1943485
Adriana,Lowndsborough,alowndsboroughch@google.cn,26.053583,117.870803
Mia,Meynell,mmeynellci@usda.gov,57.9788789,33.243615
Erroll,Assante,eassantecj@wisc.edu,52.52466,111.54124
Tan,Jakubiak,tjakubiakck@imageshack.us,4.15663,-76.287762
Olga,Adao,oadaocl@yellowbook.com,35.089251,135.8827528
Katey,Greenard,kgreenardcm@umich.edu,9.762345,140.5161464
Merell,De Giorgis,mdegiorgiscn@youku.com,50.2415017,15.4908263
Lukas,Petre,lpetreco@lycos.com,41.2169163,-8.6759571
Rafaelia,Brownlee,rbrownleecp@macromedia.com,31.79051,113.751463
Cecil,Shatliff,cshatliffcq@usda.gov,8.34816,-71.85849
Franny,Jewks,fjewkscr@hhs.gov,3.5674986,98.9797467
Chere,O'Doohaine,codoohainecs@pagesperso-orange.fr,51.149402,34.3175225
Maye,Bointon,mbointonct@va.gov,14.6539775,121.0288525
Guenna,Sherrocks,gsherrockscu@xing.com,45.7140258,20.7713965
Gary,MacGilrewy,gmacgilrewycv@google.com.au,28.598454,111.786109
Julee,Edgell,jedgellcw@wikimedia.org,-8.1475732,112.718192
Jeffry,Fatkin,jfatkincx@mozilla.org,52.3517146,6.624795
Gunar,Fitzackerley,gfitzackerleycy@skyrock.com,-34.6795558,-58.5577501
Carroll,Hanner,channercz@usatoday.com,14.5634196,121.0307955
Roldan,Tregien,rtregiend0@technorati.com,53.32112,-6.2398782
Ketty,Kirvin,kkirvind1@hubpages.com,42.610438,47.5970197
Cloe,Lancetter,clancetterd2@purevolume.com,29.000347,101.507294
Alyse,Anfonsi,aanfonsid3@bandcamp.com,18.252847,109.511909
Myrwyn,Klemensiewicz,mklemensiewiczd4@google.nl,29.644609,106.792686
Georgianne,Edmead,gedmeadd5@thetimes.co.uk,-22.8456877,-45.2302005
Wandie,Vickers,wvickersd6@state.tx.us,32.9629396,-96.6691579
Blakelee,Erickssen,berickssend7@tiny.cc,13.253123,-59.6377134
Benjy,Faldoe,bfaldoed8@nbcnews.com,14.8288248,-86.5728785
Dav,Ruddell,druddelld9@hp.com,59.0800798,24.2361948
Fara,Weyman,fweymanda@edublogs.org,-8.5803424,116.3654707
Herta,Castellet,hcastelletdb@imdb.com,53.7683238,18.1130662
Vladimir,Bowdery,vbowderydc@paginegialle.it,58.2007895,15.9976985
Booth,Fyall,bfyalldd@cornell.edu,-16.4613315,-49.9588111
Adriano,Van Eeden,avaneedende@sciencedirect.com,9.4423308,118.2452273
Selestina,Kelsall,skelsalldf@latimes.com,49.5704312,6.0632054
Vidovik,Licence,vlicencedg@jimdo.com,30.4643987,31.947311
Ravid,Balkwill,rbalkwilldh@time.com,54.51667,24.83333
Aridatha,Olohan,aolohandi@squidoo.com,0.0090686,103.5089907
Joell,Byles,jbylesdj@nih.gov,29.9668343,32.5498069
Seymour,Witherington,switheringtondk@weibo.com,-6.9714991,107.569381
Carmine,McCaw,cmccawdl@nationalgeographic.com,23.7247599,108.8076195
Dex,Lahrs,dlahrsdm@spotify.com,-7.5754887,110.8243272
Wait,Sarchwell,wsarchwelldn@webs.com,46.283972,17.825072
Cherilyn,Morecomb,cmorecombdo@pen.io,25.055954,118.186288
Bridget,Millard,bmillarddp@webs.com,-7.0131132,106.7023304
Maris,Bignold,mbignolddq@weather.com,36.1228302,-111.2236913
Jim,Wedmore,jwedmoredr@tinypic.com,27.859517,114.758301
Katine,Bromilow,kbromilowds@4shared.com,30.47863,111.459076
Ulrika,Oswell,uoswelldt@elegantthemes.com,36.1524763,49.2385339
Drud,Cavozzi,dcavozzidu@twitter.com,51.444601,-0.1549619
Carry,McMenamy,cmcmenamydv@moonfruit.com,-8.7872,116.4814
Nels,Brute,nbrutedw@dell.com,23.113478,113.417068
Drusi,Marti,dmartidx@answers.com,48.5347071,7.6370168
Vernor,Leatham,vleathamdy@cdc.gov,-8.1661664,111.7480514
Krishna,Richford,krichforddz@geocities.jp,-8.3932,114.8028
Teirtza,Grishakin,tgrishakine0@msn.com,41.240005,-7.3038414
Janine,Braunter,jbrauntere1@jimdo.com,-32.0288506,-53.3936083
Roderick,Shillom,rshillome2@marketwatch.com,-21.0209448,-41.1547688
Joachim,Cesco,jcescoe3@amazon.co.uk,13.439615,-86.7994359
Emalee,Cranney,ecranneye4@weebly.com,-7.1072394,109.011884
Ritchie,Corrao,rcorraoe5@ustream.tv,37.832557,-8.2423289
Berta,Lindhe,blindhee6@java.com,34.1470534,135.2088227
Shanda,Anwyl,sanwyle7@cpanel.net,9.3711,122.8405
Joannes,Whyke,jwhykee8@usa.gov,56.8682477,40.5854053
Javier,Humm,jhumme9@economist.com,49.9260217,18.270174
Friedrick,Guerre,fguerreea@state.gov,6.12151,102.2400127
Ernestus,Densell,edenselleb@com.com,-7.1108,113.5265
Bradney,Molloy,bmolloyec@prnewswire.com,41.3879567,-75.6499025
Ricki,Lillistone,rlillistoneed@admin.ch,30.3645144,113.4276436
Ellis,McCarney,emccarneyee@bizjournals.com,10.266893,123.949939
Lyman,Jzhakov,ljzhakovef@wikispaces.com,40.0383706,44.5657164
Currey,Gainsboro,cgainsboroeg@webmd.com,-16.9483408,46.8325494
Constantia,Cantua,ccantuaeh@columbia.edu,59.0069977,54.6643867
Wait,Langhorn,wlanghornei@mac.com,-13.674114,-71.6777177
Currie,Grummitt,cgrummittej@icio.us,9.9578348,124.1789637
Essie,Connaughton,econnaughtonek@taobao.com,-4.423943,11.69283
Camel,Amburgy,camburgyel@ed.gov,11.3535316,162.3442197
Ethelyn,Vigrass,evigrassem@lulu.com,36.1679648,8.7095789
Darrel,Preddle,dpreddleen@fotki.com,16.9509413,43.7477743
Levon,Mitcham,lmitchameo@blogtalkradio.com,15.1766973,106.2345633
Fergus,Growden,fgrowdenep@etsy.com,34.1840093,71.7791319
Everard,Presnell,epresnelleq@mozilla.com,44.8488314,65.4822686
Nerita,Luciani,nlucianier@hugedomains.com,36.990268,107.853926
Seth,Norvel,snorveles@google.cn,37.4498962,24.9353935
Melodie,Sedgemore,msedgemoreet@home.pl,46.0382659,-72.0118164
Daune,Dearnly,ddearnlyeu@ed.gov,40.2715286,44.633383
Anallese,Blankett,ablankettev@weibo.com,55.6732828,12.5668206
Madelena,Cawcutt,mcawcuttew@typepad.com,49.929648,22.153909
Perceval,Rapp,prappex@sun.com,22.280436,114.157935
Skipp,Izod,sizodey@bbc.co.uk,1.256633,-70.2359058
Hesther,Stawell,hstawellez@reuters.com,51.3613799,20.7949705
Janine,Annwyl,jannwylf0@t-online.de,33.1556108,-7.3860994
Conrad,Petett,cpetettf1@admin.ch,41.1733305,-8.3619748
Wynne,Latty,wlattyf2@list-manage.com,14.570844,121.0230236
Alice,Guiden,aguidenf3@gravatar.com,31.267107,120.863056
Antonius,Mateescu,amateescuf4@army.mil,52.435251,4.8501344
Sibylla,Patrie,spatrief5@list-manage.com,23.6837432,57.9048938
Rita,Bagshawe,rbagshawef6@zimbio.com,-6.9158,112.5541
Christophe,Hadingham,chadinghamf7@columbia.edu,30.5211502,112.8915932
Fay,Higford,fhigfordf8@npr.org,36.1473783,136.1682227
Shea,Borborough,sborboroughf9@webmd.com,49.1040007,29.2092738
Mellicent,Sparrowe,msparrowefa@businessweek.com,53.88335,-119.13585
Melita,Rolston,mrolstonfb@ow.ly,-37.9973752,-57.5825246
Donovan,O' Bee,dobeefc@goodreads.com,-5.5775197,12.1927103
Amalia,Lucian,alucianfd@independent.co.uk,58.3947207,49.0525711
Talya,Spoor,tspoorfe@rediff.com,-7.6963118,-37.0614998
Adan,Hazart,ahazartff@friendfeed.com,55.6715981,12.5915164
Carolin,Bettanay,cbettanayfg@samsung.com,60.0071007,15.7887356
Alison,Claussen,aclaussenfh@taobao.com,52.5077777,5.4757709
Letti,FitzGibbon,lfitzgibbonfi@vk.com,50.749001,15.702767
Robinia,Roalfe,rroalfefj@cnn.com,18.2707494,95.3207069
Zilvia,Edgars,zedgarsfk@reference.com,36.063689,120.388883
Karisa,Grigson,kgrigsonfl@homestead.com,39.3640258,21.9214049
Rosalynd,Toulmin,rtoulminfm@altervista.org,47.5039111,19.0158217
Cyrillus,Sherlock,csherlockfn@blogtalkradio.com,44.7790716,40.5449803
Isador,Birchwood,ibirchwoodfo@fotki.com,34.962575,105.480493
Gypsy,Tottem,gtottemfp@europa.eu,-8.7446943,118.6702302
Ezequiel,Dive,edivefq@msn.com,55.6686,37.5470072
Tiebold,Sutty,tsuttyfr@squarespace.com,11.7447935,12.1818557
Shelli,Vamplers,svamplersfs@howstuffworks.com,44.871595,17.0036172
Leicester,Chiommienti,lchiommientift@ihg.com,60.8151976,23.8712999
Waring,Andrew,wandrewfu@amazon.de,-6.245333,106.804332
Philly,Husbands,phusbandsfv@google.co.uk,49.808516,15.1855959
Dee,Truggian,dtruggianfw@addthis.com,-46.1022534,168.3312156
Skell,Brantl,sbrantlfx@imdb.com,21.481291,109.120161
Bethany,Normansell,bnormansellfy@amazon.co.uk,44.5483119,41.0350394
Keenan,Rayner,kraynerfz@epa.gov,-7.5421424,109.7651203
Quinn,Weatherall,qweatherallg0@arizona.edu,44.0731738,15.2838313
Wyatt,Elphinstone,welphinstoneg1@elpais.com,-2.609012,112.403397
Tabby,Fieldgate,tfieldgateg2@weibo.com,51.3201051,20.68325
Drusy,Alldre,dalldreg3@cornell.edu,58.760833,59.5550001
Haydon,Lorrie,hlorrieg4@pinterest.com,-34.0349557,151.0998291
Adda,Clark,aclarkg5@auda.org.au,49.9805725,19.5512903
Lorens,Fish,lfishg6@4shared.com,-26.1332779,28.2926361
Blakelee,McNirlan,bmcnirlang7@geocities.jp,50.3485458,39.6505372
Nataline,Eddington,neddingtong8@webeden.co.uk,59.6027686,16.5250369
Bree,Colliar,bcolliarg9@cafepress.com,32.460037,112.228897
Hiram,Bispo,hbispoga@clickbank.net,50.1597084,21.955679
Phil,McPhilip,pmcphilipgb@tripadvisor.com,55.1970692,38.3579129
Jada,Hucquart,jhucquartgc@mapquest.com,61.2844577,77.0904561
Megen,Pasmore,mpasmoregd@moonfruit.com,51.908209,-8.259128
Maggie,Eard,meardge@spiegel.de,-7.3697672,112.5125893
Keen,Baiss,kbaissgf@google.it,14.5724895,121.023592
Aubert,Skipp,askippgg@mit.edu,14.6055216,121.1174129
Corliss,Giffon,cgiffongh@cbsnews.com,41.1846097,80.3038321
Dulcy,Petrasso,dpetrassogi@i2i.jp,-4.1956379,12.6733009
Perice,Cowgill,pcowgillgj@stanford.edu,12.5854531,107.8880075
Lainey,Guslon,lguslongk@bbb.org,16.8164157,100.270206
Amye,Bleier,ableiergl@tamu.edu,26.497669,104.980581
Roldan,Colgrave,rcolgravegm@altervista.org,5.77977,-73.114725
Valery,O' Mara,vomaragn@economist.com,24.4938524,118.1335764
Courtenay,Renault,crenaultgo@homestead.com,-9.594324,124.1754442
Hillary,Rudolfer,hrudolfergp@ask.com,10.5942421,104.1640355
Nehemiah,Ridett,nridettgq@wisc.edu,-3.9107889,-70.5160813
Willi,Wellum,wwellumgr@macromedia.com,44.1034593,9.8216043
Joan,Howden,jhowdengs@netscape.com,11.3269147,124.116652
Bunnie,Dumphrey,bdumphreygt@wufoo.com,48.890054,2.2372792
Gerry,Borleace,gborleacegu@geocities.com,13.039074,123.3697083
Jerry,Bramhill,jbramhillgv@bloglovin.com,30.829314,118.124765
Sharai,Tregenza,stregenzagw@eventbrite.com,48.809598,35.2590854
Dottie,Crawshay,dcrawshaygx@deviantart.com,15.596502,-87.9432837
Carlota,Kinson,ckinsongy@nyu.edu,32.165,108.8822222
Bambie,Greenmon,bgreenmongz@i2i.jp,63.8223321,20.2753893
Robby,Posvner,rposvnerh0@sina.com.cn,63.2706498,18.6972941
Lauri,Gunnell,lgunnellh1@acquirethisname.com,-22.455799,-47.0193913
Rafferty,Kendred,rkendredh2@guardian.co.uk,6.691667,143.041667
Conchita,Derrell,cderrellh3@cbsnews.com,51.8321777,85.7788422
Pauli,Reeveley,preeveleyh4@statcounter.com,19.4805668,-99.2058279
Mathew,Eyers,meyersh5@paypal.com,9.92676,123.616147
Dino,Rodgers,drodgersh6@chicagotribune.com,38.3833041,69.2698737
Danika,Pinsent,dpinsenth7@vk.com,23.369136,102.214609
Laney,Skippen,lskippenh8@senate.gov,56.0462575,12.730766
Emmie,Golby,egolbyh9@twitpic.com,48.9371252,14.6292015
Laurene,Sawley,lsawleyha@thetimes.co.uk,10.9915855,119.5914817
Verile,Buckeridge,vbuckeridgehb@ask.com,25.9375976,-100.3638252
Clayton,Regardsoe,cregardsoehc@mac.com,39.7306375,-8.7036302
Leland,Grindlay,lgrindlayhd@pinterest.com,25.526437,111.600795
Gilberta,Doe,gdoehe@reference.com,-7.617735,112.4172256
Farrel,Antonacci,fantonaccihf@myspace.com,25.075123,117.017536
Nickolaus,Raveau,nraveauhg@yellowbook.com,29.673196,110.73404
Harlie,Bispo,hbispohh@cocolog-nifty.com,40.7177351,-111.8985922
Dannie,Orable,dorablehi@godaddy.com,-6.987312,110.389141
Thomasina,Lethem,tlethemhj@google.co.jp,33.258244,115.374821
Wendye,Lynam,wlynamhk@printfriendly.com,8.579016,124.770656
Madelle,Sketch,msketchhl@lulu.com,-7.6873253,112.116195
Reagen,Leger,rlegerhm@slate.com,53.31611,40.70806
Deb,Mattecot,dmattecothn@ftc.gov,27.862955,106.554468
Buckie,Matonin,bmatoninho@msu.edu,52.5363656,19.7751366
Chaim,McCawley,cmccawleyhp@epa.gov,51.6710832,19.8078532
Michel,Whitear,mwhitearhq@dropbox.com,51.56668,-101.90093
Jamie,Bennike,jbennikehr@ebay.co.uk,-17.1406793,-71.8230371
Itch,Aynold,iaynoldhs@prlog.org,-7.0808057,108.6264694
Lynett,Ferrieres,lferrieresht@booking.com,58.3226908,15.1335348
Anjanette,Vest,avesthu@about.me,59.2711605,15.1823423
Mick,Slisby,mslisbyhv@dropbox.com,45.521519,3.5276642
Amelie,Waldren,awaldrenhw@cocolog-nifty.com,40.72997,-73.860733
Adey,Euesden,aeuesdenhx@redcross.org,42.7197486,71.6080009
Belinda,Krysztofowicz,bkrysztofowiczhy@dagondesign.com,-7.2267854,110.5424021
Olive,Rowen,orowenhz@wsj.com,-26.1597581,27.7767972
Tuckie,Ravilus,travilusi0@oracle.com,13.674033,108.9502232
Mariette,Nathan,mnathani1@smugmug.com,27.398759,116.350531
Alaine,Wingate,awingatei2@baidu.com,44.0407757,16.1964988
Atlanta,Ruste,arustei3@nih.gov,-26.8193949,-65.1435685
Saidee,Dreus,sdreusi4@buzzfeed.com,48.4339701,0.098598
Paddy,Macauley,pmacauleyi5@github.com,58.2609408,12.9683864
Brennen,Avarne,bavarnei6@amazonaws.com,38.94081,117.325744
Breanne,Dignall,bdignalli7@csmonitor.com,21.121444,106.1110501
Parsifal,Shrubshall,pshrubshalli8@photobucket.com,-8.3728,113.4791
Goober,Tysall,gtysalli9@odnoklassniki.ru,-8.2517133,111.4365318
Robyn,Smorthwaite,rsmorthwaiteia@surveymonkey.com,50.0093858,16.2650464
Jarrid,O'Shields,joshieldsib@webs.com,-23.6012232,-51.6392076
Avrom,Selesnick,aselesnickic@themeforest.net,-7.9553448,112.649662
Louise,McColm,lmccolmid@apple.com,23.125827,113.2756
Rufus,Filippone,rfilipponeie@un.org,-7.0112131,110.3816433
Vern,Smeall,vsmeallif@deliciousdays.com,7.9523119,-80.4382153
Spense,Strathman,sstrathmanig@ifeng.com,58.0312993,38.6043668
Mariska,Patient,mpatientih@blogger.com,45.6910361,20.5792392
Ashlee,Chopy,achopyii@auda.org.au,13.38333,-13.85
Wynnie,Fust,wfustij@surveymonkey.com,-33.7309374,-70.7423218
Shel,Saunton,ssauntonik@youku.com,40.2690451,-7.9886104
Lark,Somersett,lsomersettil@ca.gov,-8.2154626,115.376643
Ludvig,Musicka,lmusickaim@list-manage.com,30.2638032,102.8054753
Ofella,Semaine,osemainein@miitbeian.gov.cn,-6.1487501,106.7809681
Nadia,Antram,nantramio@nyu.edu,23.150928,113.347193
Conny,Walbridge,cwalbridgeip@apple.com,-17.5069121,30.9747258
Vernen,Oswell,voswelliq@prweb.com,39.500179,118.874552
Barris,Shepton,bsheptonir@deviantart.com,30.1996024,73.6119469
Faustine,Aubry,faubryis@sourceforge.net,11.8495208,-86.1980589
Kat,Pandie,kpandieit@microsoft.com,-6.9561332,110.2498957
Jose,Rives,jrivesiu@shareasale.com,-8.0884404,-79.0872788
Deny,Perrot,dperrotiv@salon.com,-23.400962,-46.011014
Lucilia,Paulisch,lpaulischiw@hc360.com,-6.2074293,106.8915948
Fanechka,Smoote,fsmooteix@cbc.ca,-6.9445784,107.5179721
Neile,Benterman,nbentermaniy@baidu.com,50.23154,24.377
Marguerite,Nadin,mnadiniz@ftc.gov,41.5289432,-8.264878
Tyrus,Scyner,tscynerj0@bigcartel.com,53.2059294,66.8098235
Bartram,Larrosa,blarrosaj1@blogtalkradio.com,25.905283,99.222336
Marissa,Steketee,msteketeej2@bbb.org,28.704586,113.584985
Harlene,Chrippes,hchrippesj3@gnu.org,2.5559441,-71.2874209
Dunn,Beyn,dbeynj4@vinaora.com,-10.1564032,124.0496732
Aveline,Counihan,acounihanj5@360.cn,-6.612633,111.0631793
Hilary,Fewlass,hfewlassj6@bbb.org,-8.8231,121.0194
Alphard,Cogin,acoginj7@howstuffworks.com,13.5860809,-89.2918473
Tate,Stickells,tstickellsj8@arstechnica.com,-8.3465933,115.5207358
Chrisse,Dunleavy,cdunleavyj9@intel.com,-8.8598312,121.193945
Erhart,Melia,emeliaja@tinyurl.com,-34.588234,-58.6876178
Nicolais,Gent,ngentjb@nationalgeographic.com,-8.2919428,123.2254725
Veda,Mariot,vmariotjc@wikia.com,31.364902,108.249509
Valaree,McAlroy,vmcalroyjd@moonfruit.com,6.948262,3.5079264
Rhody,Rimmer,rrimmerje@google.es,50.3539017,14.4817813
Lemuel,Rosen,lrosenjf@youtu.be,14.5665991,121.0022623
Dougy,Slade,dsladejg@wix.com,51.4188047,6.9643749
Adey,Bartod,abartodjh@sakura.ne.jp,43.1927985,44.8994082
Huntlee,Euler,heulerji@delicious.com,-7.5450262,111.6556388
Geoff,Cristofvao,gcristofvaojj@yellowbook.com,37.9854094,23.7419512
Iormina,Imlaw,iimlawjk@sfgate.com,-8.8474131,34.834821
Adler,Wooder,awooderjl@cbslocal.com,47.4997688,19.0731949
Annecorinne,Beek,abeekjm@nsw.gov.au,65.9360924,23.9406659
Noel,Gebb,ngebbjn@facebook.com,-8.39427,116.3426552
Homerus,Hamlington,hhamlingtonjo@sun.com,38.135288,114.397004
Gayle,Motherwell,gmotherwelljp@ucsd.edu,50.7113724,25.8291867
Clari,Shirrell,cshirrelljq@marriott.com,-12.2001475,44.4665485
Brady,Peagram,bpeagramjr@samsung.com,-3.5095462,135.7520985
Rheba,Elijah,relijahjs@dedecms.com,13.3041159,-14.3864656
Tedi,Loreit,tloreitjt@parallels.com,32.235967,110.227954
Thelma,Alston,talstonju@omniture.com,-8.8795811,121.656829
Minor,Elmer,melmerjv@intel.com,35.4297161,134.3869188
Vivia,Mullord,vmullordjw@europa.eu,5.746649,-75.977569
Cynthy,Pettet,cpettetjx@about.com,47.9103088,-4.1927331
Vanny,Garrad,vgarradjy@salon.com,34.7474,111.87448
Tatum,Hinksen,thinksenjz@howstuffworks.com,-7.7798092,110.3562018
Gabbi,Fazan,gfazank0@msn.com,39.1340249,117.2946041
Leese,Roadknight,lroadknightk1@istockphoto.com,-7.8815605,-34.8277651
Gav,Matusovsky,gmatusovskyk2@google.com.br,7.4687521,146.139336
Ellswerth,Jencey,ejenceyk3@creativecommons.org,12.4894021,-13.3067562
Verna,Brownsall,vbrownsallk4@gnu.org,55.6845883,21.1844774
Sib,Vann,svannk5@theglobeandmail.com,-8.772507,31.1166193
Amalee,Ruskin,aruskink6@virginia.edu,-24.8705652,25.8640062
Ola,Stappard,ostappardk7@mozilla.org,-6.26,106.0799
Shea,Garlinge,sgarlingek8@smh.com.au,17.9898675,-94.6331656
Dalston,Scandroot,dscandrootk9@biglobe.ne.jp,52.32659,17.1790537
Craggie,Ert,certka@t-online.de,-14.5460011,48.7542899
Lona,Demaine,ldemainekb@ow.ly,14.6012872,121.182326
Zsazsa,Rosenblatt,zrosenblattkc@google.com.hk,45.2303117,20.2078344
Bertine,Slite,bslitekd@purevolume.com,55.5146696,35.8272389
Dolores,Grazier,dgrazierke@opensource.org,9.5287247,-68.6290501
Chelsy,Pierucci,cpieruccikf@cnbc.com,39.9666494,116.4041472
Lyndsie,Beverley,lbeverleykg@icq.com,-8.1807254,113.6055854
Harlan,Gyves,hgyveskh@friendfeed.com,39.7443294,-89.7286056
Bruce,Jacombs,bjacombski@washington.edu,51.4787653,12.0365785
Melonie,Crossfeld,mcrossfeldkj@wikimedia.org,-26.9555686,-60.9720552
Laughton,Kenningham,lkenninghamkk@angelfire.com,-27.4887196,-58.9495941
Euell,Holbarrow,eholbarrowkl@elegantthemes.com,22.8429803,-82.0243657
Eamon,McGready,emcgreadykm@tiny.cc,-17.5706623,-65.7698663
Son,Androck,sandrockkn@un.org,14.4670027,47.2752844
Launce,Peckitt,lpeckittko@mapy.cz,-15.2634934,-58.143739
Ernestus,Fruser,efruserkp@drupal.org,-8.5453,115.0752
Carole,Stoven,cstovenkq@amazon.co.uk,34.9407863,32.9705266
Eliza,Shenfisch,eshenfischkr@epa.gov,-8.1788865,112.5388072
Gertrud,Dugall,gdugallks@fda.gov,15.4281295,106.3802302
Butch,De la Yglesia,bdelayglesiakt@dailymotion.com,49.9912948,17.960745
Kelci,Iffland,kifflandku@photobucket.com,9.3730352,122.7631154
Jennilee,Beatty,jbeattykv@blogtalkradio.com,8.5199389,-82.6969408
Henrietta,Probert,hprobertkw@hexun.com,55.876771,37.4690832
Aurel,McKeighan,amckeighankx@utexas.edu,40.8631854,-7.5780825
Mara,McGeachie,mmcgeachieky@digg.com,-6.6047761,108.024301
Dennis,Jordin,djordinkz@sogou.com,40.8955806,68.3670494
Olimpia,Joselson,ojoselsonl0@imdb.com,48.8579687,2.5764306
Hammad,Paumier,hpaumierl1@php.net,-6.2277509,106.7092723
Paul,Egan,peganl2@un.org,52.2873032,76.9674023
Bertine,Gheraldi,bgheraldil3@elpais.com,15.847683,120.9187827
Juliette,Dinnis,jdinnisl4@163.com,50.1069802,20.6303821
Marysa,Oatley,moatleyl5@mashable.com,10.436633,3.8171953
Theobald,Wilks,twilksl6@nytimes.com,19.6031486,-99.0550357
Cosimo,Lovemore,clovemorel7@ustream.tv,57.7117601,12.9075947
Stern,Goadbie,sgoadbiel8@ycombinator.com,40.42639,49.98361
Kliment,Ludy,kludyl9@google.com.au,12.647214,102.0032957
Mozelle,Picopp,mpicoppla@telegraph.co.uk,48.0134881,37.7314838
Madelon,Juanes,mjuaneslb@time.com,-20.0249637,-63.5216019
Cindra,Leblanc,cleblanclc@oracle.com,42.99167,143.20028
Caritta,Blackshaw,cblackshawld@instagram.com,39.7271767,20.0598549
Nathanil,Anthoine,nanthoinele@umn.edu,6.413801,125.61055
Marji,Kenewel,mkenewellf@ocn.ne.jp,-34.6045775,-58.3799949
Alair,Melbourn,amelbournlg@tamu.edu,58.5370785,15.0077799
Patricia,Haggett,phaggettlh@addthis.com,44.596097,129.591591
Elsie,Piperley,epiperleyli@ow.ly,52.25053,15.92527
Daron,O'Halloran,dohalloranlj@newsvine.com,60.4165735,24.3256379
Urbanus,De-Ville,udevillelk@blinklist.com,8.1890712,126.3547613
Heywood,Beedon,hbeedonll@sina.com.cn,58.7542973,16.8555169
Ansel,Rustich,arustichlm@ox.ac.uk,-7.0117033,108.3682641
Marna,By,mbyln@sakura.ne.jp,-8.784797,115.193565
Leslie,Kolodziej,lkolodziejlo@sfgate.com,44.596795,20.1242053
Cacilie,Liff,clifflp@unc.edu,30.27,-97.74
Ruttger,McCarry,rmccarrylq@salon.com,14.0412181,122.9421882
Bartolomeo,Rulton,brultonlr@hostgator.com,49.2574664,-123.0419607
Maible,Vernay,mvernayls@rambler.ru,38.8965627,-77.0224418
Biddie,Goane,bgoanelt@dailymail.co.uk,6.1317011,-75.6382657
Jolynn,Muzzi,jmuzzilu@sohu.com,37.832557,-8.2423289
Currie,Whitman,cwhitmanlv@ameblo.jp,9.616419,11.43472
Cos,Djurevic,cdjureviclw@mac.com,51.7153134,5.397367
Farand,Gaspero,fgasperolx@admin.ch,40.8782107,14.2657584
Parnell,Propper,ppropperly@bing.com,-22.7563906,-41.889042
Lyndell,Badger,lbadgerlz@tiny.cc,35.03566,37.475109
Kit,Lillo,klillom0@washington.edu,41.805699,123.431472
Peter,Tooth,ptoothm1@archive.org,35.99,-115.09
Stefan,Burchmore,sburchmorem2@indiegogo.com,-6.7061169,111.4320603
Marv,Causbey,mcausbeym3@1688.com,52.1682974,17.8955629
Eldridge,Espin,eespinm4@clickbank.net,30.069463,104.616392
Jeanie,Fudger,jfudgerm5@hao123.com,34.064463,114.837888
Tedie,MacKartan,tmackartanm6@so-net.ne.jp,46.00582,40.45682
Jsandye,Garratt,jgarrattm7@163.com,47.2320539,39.5359498
Clerc,Muttock,cmuttockm8@myspace.com,-16.1705547,49.765208
Lowell,Eddowes,leddowesm9@japanpost.jp,-12.6117479,-76.6701475
Carver,Muglestone,cmuglestonema@senate.gov,8.751378,80.499954
Krissy,Fullstone,kfullstonemb@hibu.com,50.3237353,12.5174875
Therine,Spurdens,tspurdensmc@twitter.com,58.3947207,49.0525711
Donovan,Jennings,djenningsmd@homestead.com,-7.1550291,112.5721881
Cosetta,Brownbill,cbrownbillme@indiegogo.com,-34.1998816,22.104272
Justinian,Kindle,jkindlemf@apache.org,28.8828809,118.4675515
Donnajean,Herion,dherionmg@instagram.com,-26.9107052,-48.6709133
Louisette,Chanson,lchansonmh@noaa.gov,-6.4347,106.0015
Theresina,Romao,tromaomi@senate.gov,59.3409629,18.0669843
Honey,Hacard,hhacardmj@imdb.com,-8.3765619,115.1918802
Conan,Cornell,ccornellmk@gnu.org,35.3890138,139.5007628
Kristi,Leggett,kleggettml@google.cn,-8.2637032,113.5371368
Abel,Fantonetti,afantonettimm@blog.com,28.074649,119.141473
Borg,Stanes,bstanesmn@google.com,47.2495437,107.5408308
Cyril,Studdeard,cstuddeardmo@wikimedia.org,16.4311476,103.5083998
Tedd,Midford,tmidfordmp@themeforest.net,38.7637108,-9.327504
Garnet,Anthonies,ganthoniesmq@mlb.com,6.9894019,79.8933077
Gretel,Francescoccio,gfrancescocciomr@uiuc.edu,38.042805,114.514893
Melanie,Lamburn,mlamburnms@weebly.com,41.6550179,-8.7184577
Dan,Sawter,dsawtermt@edublogs.org,38.86,-76.99
Gaspard,Pantlin,gpantlinmu@cdc.gov,-24.4770763,25.8906212
Wadsworth,Cattanach,wcattanachmv@gmpg.org,48.9005909,2.5197726
Creighton,Wyatt,cwyattmw@vk.com,10.3570129,123.9839638
Merola,Janic,mjanicmx@vistaprint.com,-32.9578112,-60.6682209
Kendra,Howells,khowellsmy@nifty.com,-6.9391309,109.1259181
Faustine,Petzolt,fpetzoltmz@unicef.org,7.5522902,-74.6400432
Drugi,Kehri,dkehrin0@studiopress.com,59.2542117,18.027354
Mendel,Simao,msimaon1@flavors.me,51.56668,-101.90093
Hetty,Levesley,hlevesleyn2@goodreads.com,42.871502,127.501873
Michale,Derrington,mderringtonn3@smugmug.com,32.030339,34.8870985
Vin,Svanetti,vsvanettin4@yellowbook.com,24.848984,116.604574
Belinda,Mc Cahey,bmccaheyn5@webnode.com,13.1029,123.6999
Alfy,Lys,alysn6@nifty.com,26.641315,100.222545
Thayne,Brounsell,tbrounselln7@ycombinator.com,-14.331296,-170.7269854
Trenton,Beauman,tbeaumann8@topsy.com,-5.2932525,-48.5187229
Dell,Furphy,dfurphyn9@etsy.com,37.482422,114.693425
Danell,Leese,dleesena@discovery.com,-30.2932904,28.7693554
Ebony,D'Antuoni,edantuoninb@archive.org,-12.1444393,-44.9965028
Aurie,Lethbrig,alethbrignc@independent.co.uk,59.2780101,18.1465992
Ilsa,Olexa,iolexand@nih.gov,-7.9299269,111.9671537
Imelda,Woollett,iwoollettne@princeton.edu,-2.886385,-78.7759559
Andra,Van Der Weedenburg,avanderweedenburgnf@topsy.com,11.2428856,-73.4062342
Jenna,Hastie,jhastieng@patch.com,39.293263,117.32162
Robena,Ollerenshaw,rollerenshawnh@cam.ac.uk,9.834832,-75.120521
Cordie,Goddman,cgoddmanni@kickstarter.com,41.3899483,-8.3685941
Nathanil,Tottle,ntottlenj@google.co.jp,36.275231,113.310158
Berke,Fautly,bfautlynk@gravatar.com,44.9764185,17.9070412
Silvester,South,ssouthnl@weebly.com,7.9645367,81.0063855
Ignazio,Le land,ilelandnm@flickr.com,45.0058742,39.06949
Olenolin,Bartolommeo,obartolommeonn@furl.net,22.937244,113.384129
Brendis,Ferrieri,bferrierino@google.co.uk,48.1067292,20.8193403
Wyatt,Matei,wmateinp@plala.or.jp,-7.3594399,112.6839275
Dinny,Boughtwood,dboughtwoodnq@behance.net,31.59998,118.553352
Kameko,Traher,ktrahernr@wsj.com,-7.3118486,108.6383454
Anjela,Finey,afineyns@1688.com,37.3621185,49.1314769
Neile,Skillings,nskillingsnt@sciencedaily.com,36.7818033,140.7299857
Haily,De La Coste,hdelacostenu@harvard.edu,41.1661316,-8.6784476
Bill,Flatley,bflatleynv@umn.edu,37.8336508,140.557325
Madlin,Malins,mmalinsnw@icio.us,27.508801,59.333
Feliks,Heselwood,fheselwoodnx@geocities.jp,58.4046127,13.8543626
Norby,Matovic,nmatovicny@elegantthemes.com,6.477755,-74.4088
Meghan,Loseby,mlosebynz@wiley.com,14.689167,120.9849216
Yorgos,Sizey,ysizeyo0@goodreads.com,38.87,-77.23
Duffie,Dishmon,ddishmono1@google.de,48.523117,34.613683
Clerissa,Blooman,cbloomano2@t-online.de,35.6479869,36.6795425
Whittaker,Sumnall,wsumnallo3@parallels.com,-6.416667,-77.8833329
Daveen,Baty,dbatyo4@hexun.com,-4.1393386,39.3180297
Vince,Rankine,vrankineo5@blogger.com,27.1832216,56.2666455
Bryant,Renyard,brenyardo6@netscape.com,16.9023422,101.7523854
Ashbey,Spillman,aspillmano7@free.fr,25.200027,119.482942
Pepe,Geyton,pgeytono8@yale.edu,52.1567272,17.1602866
Putnam,De la Zenne,pdelazenneo9@tuttocitta.it,65.2958948,21.3194467
Jedidiah,Skillman,jskillmanoa@wordpress.com,43.1729478,16.4411136
Renault,Prettyjohns,rprettyjohnsob@t.co,-8.135667,111.5349059
Wit,Campo,wcampooc@issuu.com,47.8329451,30.2570494
Moses,Dunlop,mdunlopod@abc.net.au,13.6694549,100.6101543
Belita,Gebby,bgebbyoe@unesco.org,-0.5833333,73.2333333
Dorian,Kellock,dkellockof@hubpages.com,42.6193237,20.5781567
Sunny,Gheerhaert,sgheerhaertog@tumblr.com,-32.9549324,27.9319131
Wren,Jurgen,wjurgenoh@time.com,36.41667,95.73333
Alexio,Madgewick,amadgewickoi@goo.ne.jp,12.512997,109.140438
Brunhilda,Butcher,bbutcheroj@nature.com,-46.805871,-67.9440112
Herbert,Farans,hfaransok@netvibes.com,34.423878,110.947552
Bettye,Ashling,bashlingol@intel.com,50.6797247,14.6466542
Chloette,Rive,criveom@soundcloud.com,49.3996493,37.0642852
Nickolai,Catonnet,ncatonneton@wp.com,39.94191,112.00383
Kristoffer,Woodruffe,kwoodruffeoo@artisteer.com,31.2144668,121.4890556
Asher,Hardway,ahardwayop@prnewswire.com,49.1025395,2.0362602
Chad,Somers,csomersoq@ocn.ne.jp,-29.4337624,30.5803264
Meggi,McMearty,mmcmeartyor@cafepress.com,59.3104563,18.0995725
Alix,Brittain,abrittainos@dot.gov,37.309045,117.157183
Kalie,Iacopo,kiacopoot@themeforest.net,39.70864,114.830895
Ryon,Galero,rgaleroou@cbsnews.com,-37.0833,-72.5667
Laryssa,Coggins,lcogginsov@eventbrite.com,-23.5239623,-46.8411243
Legra,Tayspell,ltayspellow@instagram.com,-13.2664976,-50.1513429
Kennie,Ledson,kledsonox@4shared.com,49.1931313,-0.3907558
Bren,McGucken,bmcguckenoy@sina.com.cn,14.6965,-87.578697
Marcos,Couthard,mcouthardoz@scientificamerican.com,57.28876,54.97278
Lindie,McGonagle,lmcgonaglep0@weibo.com,45.6128697,15.4778574
Becka,Gullis,bgullisp1@mozilla.com,37.1518793,138.3591194
Colette,Jubb,cjubbp2@mac.com,37.90953,22.88353
Stevena,Keeney,skeeneyp3@disqus.com,-20.2883705,57.7310666
Annemarie,Stirley,astirleyp4@newyorker.com,53.8044834,21.7303948
Ogdan,Mountney,omountneyp5@netlog.com,23.0303395,-81.5322149
Hali,Hoff,hhoffp6@google.com.br,9.939624,126.065213
Anderea,Sealey,asealeyp7@qq.com,-3.2244045,-39.7755571
Verna,Ludl,vludlp8@taobao.com,39.4242713,-8.6985716
Kirsten,Adderson,kaddersonp9@mediafire.com,15.0045218,-2.9550619
Tina,Jolley,tjolleypa@spotify.com,50.1617318,16.9473457
Emlynne,Fancourt,efancourtpb@examiner.com,16.4328151,100.5521142
Amanda,Linklet,alinkletpc@dmoz.org,40.9629693,20.6377502
Carissa,Slimm,cslimmpd@wikia.com,45.0432559,136.6092251
Lana,McKendry,lmckendrype@feedburner.com,14.9618641,-90.4870393
Hestia,Dosdill,hdosdillpf@wufoo.com,32.7811016,12.4495221
Launce,Conyard,lconyardpg@ovh.net,56.654278,90.5782439
Nikolaus,Salerno,nsalernoph@ning.com,24.5306908,118.109506
Giralda,Binnall,gbinnallpi@chicagotribune.com,30.792629,31.62348
Johanna,MacCurtain,jmaccurtainpj@tuttocitta.it,22.954248,113.235046
Rollins,Calcott,rcalcottpk@joomla.org,4.917531,-74.024773
Sebastiano,Bassham,sbasshampl@theglobeandmail.com,48.7233569,14.6338236
Lorant,Arsey,larseypm@theguardian.com,36.063689,120.388883
Phebe,Hanniger,phannigerpn@blogtalkradio.com,15.8136606,119.934653
Goran,Chedgey,gchedgeypo@bigcartel.com,9.1526728,105.1960795
Carena,Hurran,churranpp@howstuffworks.com,-11.5576676,-39.2791011
Natalina,Dowry,ndowrypq@utexas.edu,50.0281297,18.1278226
Carmencita,Billingham,cbillinghampr@columbia.edu,16.2725431,107.9394761
Kaela,Mabbitt,kmabbittps@google.pl,-6.4306844,106.7175669
Rea,Dyter,rdyterpt@dion.ne.jp,43.6943099,2.0376775
Jeremiah,Constance,jconstancepu@redcross.org,-7.2505074,107.7928499
Gordie,Burnes,gburnespv@oakley.com,14.6476843,-90.9457183
Carroll,Andrys,candryspw@springer.com,31.7711077,119.9742793
Lane,Alessandrelli,lalessandrellipx@discuz.net,23.7247599,108.8076195
Arni,MacAree,amacareepy@biblegateway.com,50.1617318,16.9473457
Happy,Paulucci,hpauluccipz@mail.ru,41.3629391,-8.3042536
Izzy,Spellissy,ispellissyq0@usa.gov,43.2,82.63333
Bridie,Bestwerthick,bbestwerthickq1@sourceforge.net,36.675439,140.6715934
Jorey,Francesconi,jfrancesconiq2@statcounter.com,32.9210902,10.4508956
Joelly,Annes,jannesq3@oaic.gov.au,30.150684,115.134207
Jermaine,Glauber,jglauberq4@netvibes.com,34.1777698,108.8682333
Ari,Petyt,apetytq5@desdev.cn,-8.674385,115.258731
Lazarus,Unstead,lunsteadq6@360.cn,46.0466966,-71.0768076
Jillayne,Kabisch,jkabischq7@bizjournals.com,-6.9010133,112.2264794
Perla,Cattow,pcattowq8@hao123.com,41.3398084,-8.1462729
Tiffy,Laurenty,tlaurentyq9@linkedin.com,60.2577358,24.3903505
Eleanore,Norwood,enorwoodqa@washington.edu,-6.7513288,105.7527221
Dacey,Marcinkus,dmarcinkusqb@ftc.gov,18.6794938,-71.940875
Brendis,Cadman,bcadmanqc@theguardian.com,34.0624686,51.4782228
Edythe,Arne,earneqd@blog.com,16.25652,43.85476
Keefer,Tamblyn,ktamblynqe@gnu.org,40.68,-73.95
Reine,Battell,rbattellqf@netscape.com,62.0587526,129.7283548
Charmine,Kneeshaw,ckneeshawqg@webs.com,38.6026034,-90.4365807
Randolph,Taberner,rtabernerqh@tinypic.com,-8.5207109,127.0024533
Malissa,Todd,mtoddqi@livejournal.com,43.4433559,16.6929175
Forster,Habishaw,fhabishawqj@utexas.edu,25.0676256,34.8789697
Amelita,Sanson,asansonqk@github.io,-6.227136,106.7963623
Alyssa,Sayton,asaytonql@hubpages.com,19.6402143,-99.0654022
Jack,Dael,jdaelqm@businesswire.com,34.8456388,138.255437
Georgia,Jeanenet,gjeanenetqn@pinterest.com,49.4349603,12.8128113
Cindee,D'Ambrosio,cdambrosioqo@newyorker.com,30.3776024,-81.5870604
Freida,Sisson,fsissonqp@wikipedia.org,16.9846184,122.0047563
Torr,Shreeves,tshreevesqq@gov.uk,21.027964,105.8510132
Paxton,Cerman,pcermanqr@last.fm,12.6234721,-87.1273253
Rae,Newlove,rnewloveqs@mlb.com,28.65638,121.42076
Aron,Fazackerley,afazackerleyqt@google.pl,35.872664,120.04619
Alexis,Ponton,apontonqu@examiner.com,41.0640191,-7.3141388
Hubert,Morch,hmorchqv@wsj.com,6.30435,-70.202659
Etienne,Trevers,etreversqw@ucsd.edu,15.5678638,103.0241726
Friedrick,Cruikshanks,fcruikshanksqx@paypal.com,34.6870111,-5.4502624
Elli,Bettenay,ebettenayqy@simplemachines.org,49.5595208,19.0310166
Lissi,Perez,lperezqz@illinois.edu,41.1637808,44.8746069
Edward,Etheridge,eetheridger0@umn.edu,-7.6659463,109.8946083
Michel,Poinsett,mpoinsettr1@mit.edu,43.236229,94.324152
Reggie,Faragher,rfaragherr2@tamu.edu,5.8192832,7.3408535
Jakob,Leaman,jleamanr3@twitter.com,29.0755457,-110.9610195
Renae,Jermyn,rjermynr4@marriott.com,57.5334964,15.9897014
Chick,Gosnoll,cgosnollr5@webmd.com,-34.5875578,-58.6433296
Avie,Gumbrell,agumbrellr6@unesco.org,36.8456427,54.4393363
Leese,Muggleston,lmugglestonr7@umich.edu,39.538047,116.683752
Barret,Fiddian,bfiddianr8@mysql.com,-6.6,-78.016667
Dagny,MacArte,dmacarter9@chicagotribune.com,-34.6891726,-58.4714156
Andrew,Tewkesberrie,atewkesberriera@surveymonkey.com,49.4515969,16.5371625
Merrily,Muscroft,mmuscroftrb@de.vu,50.398362,1.5608271
Loren,Bulman,lbulmanrc@etsy.com,14.6388542,121.0041022
Alexander,Seabrooke,aseabrookerd@google.co.jp,55.7372478,38.1800493
Eve,Eke,eekere@vistaprint.com,51.97842,20.83374
Jacki,Goncaves,jgoncavesrf@foxnews.com,38.6580874,-8.7698425
Bronnie,Theunissen,btheunissenrg@senate.gov,27.9937685,120.6784858
Marlena,Balsdone,mbalsdonerh@google.com.au,60.9116468,34.1661641
Fancy,Peche,fpecheri@clickbank.net,-8.0433348,113.0762954
Ray,Redihough,rredihoughrj@ibm.com,39.0865525,107.9808971
Miriam,Ayllett,mayllettrk@trellian.com,-6.155077,106.817744
Allene,Readett,areadettrl@so-net.ne.jp,11.7447935,12.1818557
Dionysus,Redmire,dredmirerm@timesonline.co.uk,52.1501483,20.8188133
Emilia,Lasty,elastyrn@surveymonkey.com,27.472075,52.6146057
Vi,O' Finan,vofinanro@reverbnation.com,25.119815,118.916309
Phillip,Trigwell,ptrigwellrp@ca.gov,30.2102306,-81.7458845
Lyell,Clampton,lclamptonrq@symantec.com,7.5790498,-8.5363982
Fiorenze,Stempe,fstemperr@yahoo.com,-14.5124962,-40.3496894
